,ID,Category
420,99244405,ADVOCATE
1309,17562754,PUBLIC-RELATIONS
2023,30311725,CONSTRUCTION
1360,19007667,CHEF
2186,11065180,BANKING
602,39237915,HEALTHCARE
173,17199951,DESIGNER
599,18236085,BUSINESS-DEVELOPMENT
435,79663360,TEACHER
188,62312955,DESIGNER
756,12333703,CONSTRUCTION
755,45907524,ADVOCATE
999,20552814,SALES
2328,73030450,INFORMATION-TECHNOLOGY
1341,14508237,ADVOCATE
1073,37360517,ADVOCATE
2201,25080805,ENGINEERING
463,36694627,ADVOCATE
2301,18106533,HR
43,28419173,HR
111,68240723,DESIGNER
56,52979663,HR
178,18460045,DESIGNER
2234,64589506,BUSINESS-DEVELOPMENT
1271,23864858,DIGITAL-MEDIA
